{
  "min": [
    -14.735011,
    -15.117449,
    -14.791387
  ],
  "max": [
    13.100951,
    15.13538,
    14.075533
  ]
}